{
  "current-scene": "382a7ee0-3cb8-49d0-b012-55a8559f199e",
  "gizmos-infos": {
    "iconGizmoSize": 2,
    "isGridVisible": true,
    "isIconGizmo3D": false
  },
  "camera-infos": {
    "382a7ee0-3cb8-49d0-b012-55a8559f199e": {
      "position": {
        "x": 0.8365345351616701,
        "y": 1.9576035399558305,
        "z": 1.6795239938076134
      },
      "rotation": {
        "w": -0.020770051153165853,
        "x": 0.0012485288130086396,
        "y": 0.997209208015605,
        "z": 0.07163325033854397
      },
      "viewCenter": {
        "x": 0.8456014487447586,
        "y": 1.92618589902738,
        "z": 1.8969052197680645
      }
    },
    "f46876e4-e81b-4931-b493-6d367be385e7": {
      "position": {
        "x": 50,
        "y": 50,
        "z": 50
      },
      "rotation": {
        "w": 0.8804762392171493,
        "x": -0.27984814233312133,
        "y": 0.3647051996310009,
        "z": 0.11591689595929514
      },
      "viewCenter": {
        "x": 0,
        "y": 0,
        "z": 0
      }
    }
  },
  "camera-uuids": [
    "382a7ee0-3cb8-49d0-b012-55a8559f199e"
  ]
}
