{
  "current-scene": "24a8e9c6-71b7-4d86-8e6b-3cb6896ab4c3",
  "gizmos-infos": {
    "iconGizmoSize": 2,
    "isGridVisible": true,
    "isIconGizmo3D": false
  },
  "camera-infos": {
    "182bce1f-86bd-435f-aaea-9e129bc23a64": {
      "position": {
        "x": 30.139126474284595,
        "y": 18.52992514701381,
        "z": -17.05425666825345
      },
      "rotation": {
        "w": 0.470758287998571,
        "x": -0.15233296128475962,
        "y": 0.8291472547792159,
        "z": 0.2585461248886224
      },
      "viewCenter": {
        "x": 4.988007372689292,
        "y": -1.9729952558566026,
        "z": -1.9241817342880139
      }
    },
    "24a8e9c6-71b7-4d86-8e6b-3cb6896ab4c3": {
      "position": {
        "x": -23.51212339959159,
        "y": 0.42880015876179023,
        "z": 0.054611040385670856
      },
      "rotation": {
        "w": 0.7071067811865475,
        "x": 0,
        "y": -0.7071067811865475,
        "z": 0
      },
      "viewCenter": {
        "x": 7.2113619520241095,
        "y": 0.42880015876179023,
        "z": 0.054611040385670856
      }
    },
    "2584ef8e-192b-465a-946d-233bccf856f5": {
      "position": {
        "x": 1.1055355999078529,
        "y": 1.6827065505765404,
        "z": 2.2239120987244405
      },
      "rotation": {
        "w": 0.9306667117411023,
        "x": -0.2855948267319678,
        "y": 0.21856248403746864,
        "z": 0.06706317208286078
      },
      "viewCenter": {
        "x": 0,
        "y": 0,
        "z": 0
      }
    },
    "32c1c24b-8a38-4d5a-b934-2396973796e1": {
      "position": {
        "x": 2.7066346477735004,
        "y": 3.7066346477735,
        "z": 7.706634647773501
      },
      "rotation": {
        "w": 0.8804762392171493,
        "x": -0.27984814233312133,
        "y": 0.3647051996310009,
        "z": 0.11591689595929514
      },
      "viewCenter": {
        "x": 0,
        "y": 1,
        "z": 5
      }
    },
    "382a7ee0-3cb8-49d0-b012-55a8559f199e": {
      "position": {
        "x": -15533.631313582673,
        "y": 7517.49384874823,
        "z": -4376.856089874041
      },
      "rotation": {
        "w": 0.5895881177335144,
        "x": -0.13058629778838954,
        "y": -0.778189485077263,
        "z": -0.17235986414189158
      },
      "viewCenter": {
        "x": 0,
        "y": 1,
        "z": -10
      }
    },
    "7200fb38-25b9-4d6d-bc83-25a1769339b4": {
      "position": {
        "x": 1.732050807568875,
        "y": 1.732050807568875,
        "z": 1.732050807568875
      },
      "rotation": {
        "w": -0.8804762392171493,
        "x": 0.27984814233312133,
        "y": -0.3647051996310009,
        "z": -0.11591689595929514
      },
      "viewCenter": {
        "x": 0,
        "y": 0,
        "z": 0
      }
    },
    "722b6d68-1d5c-45c4-aed8-22bd2bfebd8a": {
      "position": {
        "x": -13.834375015561694,
        "y": -0.025420618434622455,
        "z": 2.2366912718397916
      },
      "rotation": {
        "w": 0.7454728379341984,
        "x": -0.006017724592759097,
        "y": -0.6663766229735537,
        "z": -0.005472902357196946
      },
      "viewCenter": {
        "x": 17.826260896102784,
        "y": -0.5438039901232128,
        "z": -1.3219695788751693
      }
    },
    "84ac1012-87c6-46b9-bc18-2c293dc6fdca": {
      "position": {
        "x": 4.905665274354631,
        "y": 21.934468741812747,
        "z": -39.30104456314446
      },
      "rotation": {
        "w": 0.13085639403656377,
        "x": -0.0353396013314136,
        "y": 0.951203107351301,
        "z": 0.27694769903990046
      },
      "viewCenter": {
        "x": -3.194939769006286,
        "y": 3.0003942149745395,
        "z": -10.616016899641535
      }
    },
    "9bc7f888-542e-4198-95a2-6b0baa47caf5": {
      "position": {
        "x": 2.7913275786961265,
        "y": 3.790630064653868,
        "z": 10.775996565567965
      },
      "rotation": {
        "w": 0.8804762392171493,
        "x": -0.27984814233312133,
        "y": 0.3647051996310009,
        "z": 0.11591689595929514
      },
      "viewCenter": {
        "x": 0.0006405171006915733,
        "y": 0.9999430030584335,
        "z": 7.98530950397253
      }
    },
    "b20c6d59-e4a5-4c29-9aa4-d4640a4ed612": {
      "position": {
        "x": 13.01039148926121,
        "y": 8.024505152091539,
        "z": -1.664132059190794
      },
      "rotation": {
        "w": -0.6625421074277796,
        "x": 0.13309084284636435,
        "y": -0.722524376012132,
        "z": -0.1445613409443634
      },
      "viewCenter": {
        "x": -6.13,
        "y": 0,
        "z": 0
      }
    },
    "cad4f9e9-976b-43a8-88b3-d7f783fc2cab": {
      "position": {
        "x": 4.497463929272172,
        "y": 2.121832326724218,
        "z": -1.5630574925492757
      },
      "rotation": {
        "w": 0.8741400781113091,
        "x": -0.16795934696704698,
        "y": 0.4473672428084816,
        "z": 0.08611738239833158
      },
      "viewCenter": {
        "x": -0.10740733705461025,
        "y": -0.14449998733401304,
        "z": -4.884
      }
    },
    "e4873157-ecfb-48d2-b2ed-a6260d095633": {
      "position": {
        "x": 1732.0508075688774,
        "y": 1732.0508075688772,
        "z": 1732.050807568877
      },
      "rotation": {
        "w": -0.8804762392171493,
        "x": 0.27984814233312133,
        "y": -0.3647051996310009,
        "z": -0.11591689595929514
      },
      "viewCenter": {
        "x": 0,
        "y": 0,
        "z": 0
      }
    },
    "f46876e4-e81b-4931-b493-6d367be385e7": {
      "position": {
        "x": 50,
        "y": 50,
        "z": 50
      },
      "rotation": {
        "w": 0.8804762392171493,
        "x": -0.27984814233312133,
        "y": 0.3647051996310009,
        "z": 0.11591689595929514
      },
      "viewCenter": {
        "x": 0,
        "y": 0,
        "z": 0
      }
    }
  },
  "camera-uuids": [
    "24a8e9c6-71b7-4d86-8e6b-3cb6896ab4c3"
  ],
  "float-window": {
    "position": {
      "cc": {
        "CameraComponent": {
          "bottom": 10,
          "dock": false,
          "left": null,
          "right": 10,
          "top": null
        }
      }
    }
  }
}
