{
  "current-scene": "382a7ee0-3cb8-49d0-b012-55a8559f199e",
  "gizmos-infos": {
    "iconGizmoSize": 2,
    "isGridVisible": true,
    "isIconGizmo3D": false
  },
  "camera-infos": {
    "382a7ee0-3cb8-49d0-b012-55a8559f199e": {
      "position": {
        "x": 3.251700350967531,
        "y": 1.904876828138417,
        "z": 1.3114475658548983
      },
      "rotation": {
        "w": 0.3519929374870984,
        "x": -0.0321413791152825,
        "y": 0.9315578016037405,
        "z": 0.08499112371541868
      },
      "viewCenter": {
        "x": 0,
        "y": 1,
        "z": 5
      }
    },
    "f46876e4-e81b-4931-b493-6d367be385e7": {
      "position": {
        "x": 50,
        "y": 50,
        "z": 50
      },
      "rotation": {
        "w": 0.8804762392171493,
        "x": -0.27984814233312133,
        "y": 0.3647051996310009,
        "z": 0.11591689595929514
      },
      "viewCenter": {
        "x": 0,
        "y": 0,
        "z": 0
      }
    }
  },
  "camera-uuids": [
    "382a7ee0-3cb8-49d0-b012-55a8559f199e"
  ]
}
