{
  "current-scene": "382a7ee0-3cb8-49d0-b012-55a8559f199e",
  "gizmos-infos": {
    "iconGizmoSize": 2,
    "isGridVisible": true,
    "isIconGizmo3D": false
  },
  "camera-infos": {
    "2584ef8e-192b-465a-946d-233bccf856f5": {
      "position": {
        "x": 1.1055355999078529,
        "y": 1.6827065505765404,
        "z": 2.2239120987244405
      },
      "rotation": {
        "w": 0.9306667117411023,
        "x": -0.2855948267319678,
        "y": 0.21856248403746864,
        "z": 0.06706317208286078
      },
      "viewCenter": {
        "x": 0,
        "y": 0,
        "z": 0
      }
    },
    "32c1c24b-8a38-4d5a-b934-2396973796e1": {
      "position": {
        "x": 50,
        "y": 50,
        "z": 50
      },
      "rotation": {
        "w": 0.8804762392171493,
        "x": -0.27984814233312133,
        "y": 0.3647051996310009,
        "z": 0.11591689595929514
      },
      "viewCenter": {
        "x": 0,
        "y": 0,
        "z": 0
      }
    },
    "382a7ee0-3cb8-49d0-b012-55a8559f199e": {
      "position": {
        "x": -15533.631313582673,
        "y": 7517.49384874823,
        "z": -4376.856089874041
      },
      "rotation": {
        "w": 0.5895881177335144,
        "x": -0.13058629778838954,
        "y": -0.778189485077263,
        "z": -0.17235986414189158
      },
      "viewCenter": {
        "x": 0,
        "y": 1,
        "z": -10
      }
    },
    "7200fb38-25b9-4d6d-bc83-25a1769339b4": {
      "position": {
        "x": 1.732050807568875,
        "y": 1.732050807568875,
        "z": 1.732050807568875
      },
      "rotation": {
        "w": -0.8804762392171493,
        "x": 0.27984814233312133,
        "y": -0.3647051996310009,
        "z": -0.11591689595929514
      },
      "viewCenter": {
        "x": 0,
        "y": 0,
        "z": 0
      }
    },
    "9bc7f888-542e-4198-95a2-6b0baa47caf5": {
      "position": {
        "x": 2.7913275786961265,
        "y": 3.790630064653868,
        "z": 10.775996565567965
      },
      "rotation": {
        "w": 0.8804762392171493,
        "x": -0.27984814233312133,
        "y": 0.3647051996310009,
        "z": 0.11591689595929514
      },
      "viewCenter": {
        "x": 0.0006405171006915733,
        "y": 0.9999430030584335,
        "z": 7.98530950397253
      }
    },
    "e4873157-ecfb-48d2-b2ed-a6260d095633": {
      "position": {
        "x": 1732.0508075688774,
        "y": 1732.0508075688772,
        "z": 1732.050807568877
      },
      "rotation": {
        "w": -0.8804762392171493,
        "x": 0.27984814233312133,
        "y": -0.3647051996310009,
        "z": -0.11591689595929514
      },
      "viewCenter": {
        "x": 0,
        "y": 0,
        "z": 0
      }
    },
    "f46876e4-e81b-4931-b493-6d367be385e7": {
      "position": {
        "x": 50,
        "y": 50,
        "z": 50
      },
      "rotation": {
        "w": 0.8804762392171493,
        "x": -0.27984814233312133,
        "y": 0.3647051996310009,
        "z": 0.11591689595929514
      },
      "viewCenter": {
        "x": 0,
        "y": 0,
        "z": 0
      }
    }
  },
  "camera-uuids": [
    "9bc7f888-542e-4198-95a2-6b0baa47caf5"
  ],
  "float-window": {
    "position": {
      "cc": {
        "CameraComponent": {
          "bottom": 10,
          "dock": false,
          "left": null,
          "right": 10,
          "top": null
        }
      }
    }
  }
}
