{
  "current-scene": "9bc7f888-542e-4198-95a2-6b0baa47caf5",
  "gizmos-infos": {
    "iconGizmoSize": 2,
    "isGridVisible": true,
    "isIconGizmo3D": false
  },
  "camera-infos": {
    "382a7ee0-3cb8-49d0-b012-55a8559f199e": {
      "position": {
        "x": 0.7562966285331143,
        "y": 2.235634836516148,
        "z": -0.24419727601329555
      },
      "rotation": {
        "w": 0.020770051153165853,
        "x": -0.0012485288130086396,
        "y": -0.997209208015605,
        "z": -0.07163325033854397
      },
      "viewCenter": {
        "x": 0.8456014487447586,
        "y": 1.92618589902738,
        "z": 1.8969052197680645
      }
    },
    "9bc7f888-542e-4198-95a2-6b0baa47caf5": {
      "position": {
        "x": 0.11973069398629188,
        "y": 1.3361273414332335,
        "z": 10.349116372375313
      },
      "rotation": {
        "w": 0.9976666610879619,
        "x": -0.056852024305961,
        "y": 0.0037592797159667186,
        "z": 0.0001119363316084961
      },
      "viewCenter": {
        "x": 0.07578070354311034,
        "y": 0.670331881999514,
        "z": 4.526363173730839
      }
    },
    "f46876e4-e81b-4931-b493-6d367be385e7": {
      "position": {
        "x": 50,
        "y": 50,
        "z": 50
      },
      "rotation": {
        "w": 0.8804762392171493,
        "x": -0.27984814233312133,
        "y": 0.3647051996310009,
        "z": 0.11591689595929514
      },
      "viewCenter": {
        "x": 0,
        "y": 0,
        "z": 0
      }
    }
  },
  "camera-uuids": [
    "9bc7f888-542e-4198-95a2-6b0baa47caf5"
  ]
}
